{
    "FS_SN":"Serial_Number",
    "fs_module_sn":"00-THS-3_Serial_Number",
    "fs_model":"Model_Option",
    "fs_incoming_status":"Incoming_Status",
    "fs_initial_verification":"Passed_Checks",
    "fs_module_fw":"00-THS-3_FW_Ver",
    "fs_incoming_notes":"Incoming_Notes",
    "fs_visual_complete":"Visual_Complete",
    "fs_cleaning_complete":"Cleaned",
    "fs_incoming_rh":"Incoming_RH",
    "fs_repairs_required":"Required_Repairs",
    "fs_builentins":"Builentins_Used",
    "fs_current_pass":"Active_Current_Pass",
    "fs_desiccant":"Desiccant_Replaced",
    "fs_dowel":"Dowel_Replaced",
    "fs_incoming_temp":"Incoming_Temp",
    "fs_rh_cal":"RH_Calibrated",
    "fs_filter":"Filter_Replaced",
    "fs_rh_cal_pass":"RH_Calibration_Pass",
    "fs_temp_cal_pass":"Temp_Calibration_Pass",
    "fs_ctm":"CTM_Installed"
}