{
      "DB": {
            "db_db_name": "SVC_Reports",
            "db_collection_names": [
                  "THS",
                  "FS"
            ],
            "db_access": 0
      },
      "APP_PREF": {
            "app_tech": "",
            "app_start_tab": 0,
            "app_initSetup": false
      },
      "PDF_PREF": {
            "pdf_output": "",
            "pdf_engine": ""
      },
      "Build": {
            "Dev": true,
            "Debug": true,
            "Alpha": true,
            "Beta": false,
            "RC": false,
            "FullRelease": false,
            "Version": "0.1.1",
            "Build": "20231213DDA0.1.1"
      }
}